{
  "grpc": {
    "host": "localhost",
    "port": 50051
  },
  "brick": {
    "inputProtoId": 3,
    "outputProtoId": 3,
    "inputConnectorType": 1,
    "outputConnectorType": 1
  },
  "meta": {
    "accountId": "e416c5e2-f947-47aa-9b96-b35086a36ee5",
    "camera": "camera_1",
    "site": "site_1",
    "inputBrickNames": [
      "alpr_input_brick"
    ],
    "outputBrickNames": [
      "ocr_brick"
    ]
  },
  "protoStoreConfiguration": {
    "storeLocation": "protos"
  },
  "metaStoreApi": "http://0.0.0.0:3000/v1/artefacts",
  "graph": null,
  "graph_configuration": null
}